,,,Salary,,,,,,,
Rk,Player,Tm,2021-22,2022-23,2023-24,2024-25,2025-26,2026-27,Signed Using,Guaranteed
1,Stephen Curry,GSW,"$45,780,966","$48,070,014","$51,915,615","$55,761,216","$59,606,817",,Bird Rights,"$261,134,628"
2,John Wall,HOU,"$44,310,840","$47,366,760",,,,,Bird Rights,"$44,310,840"
3,Russell Westbrook,LAL,"$44,211,146","$47,063,478",,,,,Bird Rights,"$44,211,146"
4,James Harden,PHI,"$43,848,000","$46,872,000",,,,,Bird Rights,"$43,848,000"
5,LeBron James,LAL,"$41,180,544","$44,474,988",,,,,Bird,"$85,655,532"
6,Kevin Durant,BRK,"$40,918,900","$42,969,845","$42,969,845","$49,856,021","$53,282,609",,Sign and Trade,"$229,997,220"
7,Giannis Antetokounmpo,MIL,"$39,344,970","$42,492,568","$45,640,165","$48,787,763","$51,935,360",,Bird,"$176,265,466"
8,Paul George,LAC,"$39,344,970","$42,492,568","$45,640,165","$48,787,763",,,Bird,"$127,477,703"
9,Damian Lillard,POR,"$39,344,900","$42,492,492","$45,640,084","$48,787,676",,,1st Round Pick,"$176,265,152"
10,Kawhi Leonard,LAC,"$39,344,900","$42,492,492","$45,640,084","$48,787,676",,,Early Bird,"$127,477,476"
11,Klay Thompson,GSW,"$37,980,720","$40,600,080","$43,219,440",,,,Bird Rights,"$121,800,240"
12,Jimmy Butler,MIA,"$36,016,200","$37,653,300","$45,183,960","$48,798,677","$52,413,394",,Sign and Trade,"$167,652,137"
13,Tobias Harris,PHI,"$36,000,000","$38,482,759","$40,965,517",,,,Bird Rights,"$115,448,276"
14,Khris Middleton,MIL,"$35,500,000","$37,948,276","$40,396,552",,,,Bird Rights,"$73,448,276"
15,Anthony Davis,LAL,"$35,361,360","$37,980,720","$40,600,080","$43,219,440",,,Bird,"$113,942,160"
16,Rudy Gobert,UTA,"$35,344,828","$38,172,414","$41,000,000","$43,827,587","$46,655,173",,Bird,"$158,344,829"
17,Kyrie Irving,BRK,"$34,916,200","$36,503,300",,,,,Cap space,"$34,916,200"
18,Bradley Beal,WAS,"$34,502,130","$37,262,300",,,,,Cap Space,"$34,502,130"
19,Kristaps Porziņģis,WAS,"$31,650,600","$33,833,400","$36,016,200",,,,Bird Rights,"$65,484,000"
20,Devin Booker,PHO,"$31,610,000","$33,790,000","$35,970,000",,,,1st round pick,"$101,370,000"
21,Karl-Anthony Towns,MIN,"$31,610,000","$33,790,000","$35,970,000",,,,1st Round Pick,"$101,370,000"
22,Jamal Murray,DEN,"$31,590,000","$33,930,000","$36,270,000","$38,610,000",,,1st Round pick,"$140,400,000"
23,Ben Simmons,BRK,"$31,590,000","$33,930,000","$36,270,000","$38,610,000",,,1st Round pick,"$140,400,000"
24,Joel Embiid,PHI,"$31,579,390","$33,616,770","$43,732,500","$47,231,100","$50,729,700","$54,228,300",1st Round Pick,"$206,889,460"
25,Andrew Wiggins,GSW,"$31,579,390","$33,616,770",,,,,1st Round Pick,"$65,196,160"
26,Pascal Siakam,TOR,"$31,320,000","$33,640,000","$35,960,000",,,,1st Round pick,"$100,920,000"
27,Kevin Love,CLE,"$31,300,000","$28,900,000",,,,,Bird Rights,"$60,200,000"
28,CJ McCollum,NOP,"$30,864,198","$33,333,333","$35,802,469",,,,1st Round Pick,"$100,000,000"
29,Chris Paul,PHO,"$30,800,000","$28,400,000","$30,800,000","$30,000,000",,,Bird,"$75,000,000"
30,Nikola Jokić,DEN,"$30,510,423","$32,478,837",,,,,Bird Rights,"$62,989,260"
31,Jrue Holiday,MIL,"$30,133,333","$32,393,333","$34,653,333","$36,913,333",,,Bird,"$97,179,999"
32,D'Angelo Russell,MIN,"$30,013,500","$31,377,750",,,,,Sign and Trade,"$61,391,250"
33,Gordon Hayward,CHO,"$29,900,000","$30,100,000","$31,500,000",,,,Sign and Trade,"$91,500,000"
34,Blake Griffin,DET,"$32,405,817",,,,,,,"$29,764,126"
35,Brandon Ingram,NOP,"$29,467,800","$31,650,600","$33,833,400","$36,016,200",,,Bird,"$130,968,000"
36,De'Aaron Fox,SAC,"$28,103,550","$30,351,834","$32,600,118","$34,848,402","$37,096,686",,Bird,"$163,000,590"
37,Bam Adebayo,MIA,"$28,103,550","$30,351,834","$32,600,118","$34,848,402","$37,096,686",,Bird,"$163,000,590"
38,Donovan Mitchell,UTA,"$28,103,550","$30,351,834","$32,600,118","$34,848,402","$37,096,686",,Bird,"$125,903,904"
39,Jayson Tatum,BOS,"$28,103,550","$30,351,834","$32,600,118","$34,848,402","$37,096,686",,Bird,"$125,903,904"
40,Al Horford,BOS,"$27,000,000","$26,500,000",,,,,Cap Space,"$41,500,000"
41,Kyle Lowry,MIA,"$26,984,128","$28,333,334","$29,682,540",,,,Bird,"$85,000,002"
42,Kemba Walker,OKC,"$34,967,442","$36,596,549",,,,,,"$53,669,500"
43,DeMar DeRozan,CHI,"$26,000,000","$27,300,000","$28,600,000",,,,Sign and Trade,"$81,900,000"
44,Jaylen Brown,BOS,"$24,830,357","$26,669,643","$28,508,929",,,,1st Round pick,"$80,008,929"
45,Draymond Green,GSW,"$24,026,712","$25,806,469","$27,586,225",,,,Bird Rights,"$49,833,181"
46,Nikola Vučević,CHI,"$24,000,000","$22,000,000",,,,,Bird Rights,"$46,000,000"
47,John Collins,ATL,"$23,000,000","$23,500,000","$25,340,000","$26,580,000","$26,580,000",,Bird,"$125,000,000"
48,Buddy Hield,IND,"$22,477,273","$20,522,727","$18,568,182",,,,1st Round pick,"$61,568,182"
49,Malcolm Brogdon,IND,"$21,700,000","$22,600,000","$21,634,615","$23,365,385",,,Sign and Trade,"$89,300,000"
50,Tim Hardaway Jr.,DAL,"$21,306,816","$19,602,273","$17,897,728","$16,193,183",,,Bird,"$75,000,000"
51,Mike Conley,UTA,"$21,000,000","$22,680,000","$24,360,000",,,,Bird,"$58,000,000"
52,Gary Harris,ORL,"$20,482,143",,,,,,1st Round Pick,"$20,482,143"
53,Danilo Gallinari,ATL,"$20,475,000","$21,450,000",,,,,Sign and Trade,"$25,475,000"
54,Harrison Barnes,SAC,"$20,284,091","$18,352,273",,,,,Bird Rights,"$38,636,364"
55,Jarrett Allen,CLE,"$20,000,000","$20,000,000","$20,000,000","$20,000,000","$20,000,000",,Bird,"$100,000,000"
56,Jerami Grant,DET,"$20,000,000","$20,952,381",,,,,Sign and Trade,"$40,952,381"
57,Julius Randle,NYK,"$19,800,000","$23,760,000","$25,660,800","$27,561,600","$29,462,400",,Cap Space,"$96,782,400"
58,Fred VanVleet,TOR,"$19,675,926","$21,250,000","$22,824,074",,,,Bird,"$40,925,926"
59,Zach LaVine,CHI,"$19,500,000",,,,,,Cap space,"$19,500,000"
60,Goran Dragić,SAS,"$20,168,742",,,,,,,"$19,440,000"
61,Bojan Bogdanović,UTA,"$18,700,000","$19,550,000",,,,,Cap Space,"$38,250,000"
62,Lonzo Ball,CHI,"$18,604,651","$19,534,884","$20,465,117","$21,395,348",,,Sign and Trade,"$58,604,652"
63,Domantas Sabonis,SAC,"$18,562,500","$19,937,500","$21,312,500",,,,1st Round pick,"$59,812,500"
64,Eric Gordon,HOU,"$18,218,818","$19,568,360","$20,917,902",,,,Cap Space,"$37,787,178"
65,Evan Fournier,NYK,"$18,139,535","$19,046,512","$19,953,488","$20,860,465",,,Sign and Trade,"$57,139,535"
66,Eric Bledsoe,POR,"$18,125,000","$19,375,000",,,,,Bird Rights,"$22,025,000"
67,Myles Turner,IND,"$18,000,000","$18,000,000",,,,,1st Round pick,"$36,000,000"
68,Bogdan Bogdanović,ATL,"$18,000,000","$18,000,000","$18,000,000",,,,Cap Space,"$36,000,000"
69,Terry Rozier,CHO,"$17,905,263","$21,486,316","$23,205,221","$24,924,126","$26,643,031",,Sign and Trade,"$114,163,957"
70,Ricky Rubio,IND,"$17,809,524",,,,,,Cap Space,"$17,809,524"
71,Caris LeVert,CLE,"$17,500,000","$18,796,296",,,,,1st Round pick,"$36,296,296"
72,Jonathan Isaac,ORL,"$17,400,000","$17,400,000","$17,400,000","$17,400,000",,,Bird,"$40,800,000"
73,Joe Harris,BRK,"$17,357,143","$18,642,857","$19,928,571",,,,Bird,"$55,928,571"
74,Spencer Dinwiddie,DAL,"$17,142,857","$18,000,000","$18,857,143",,,,Sign and Trade,"$45,142,857"
75,Clint Capela,ATL,"$17,103,448","$18,206,897","$20,616,000","$22,265,280",,,Bird Rights,"$78,191,625"
76,Steven Adams,MEM,"$17,073,171","$17,926,829",,,,,1st Round Pick,"$35,000,000"
77,Markelle Fultz,ORL,"$16,500,000","$16,500,000","$17,000,000",,,,Bird,"$35,000,000"
78,Aaron Gordon,DEN,"$16,409,091","$19,690,909","$21,266,182","$22,841,455","$22,841,455",,Bird Rights,"$80,207,637"
79,OG Anunoby,TOR,"$16,071,429","$17,357,143","$18,642,857","$19,928,571",,,Bird,"$52,071,429"
80,Dāvis Bertāns,DAL,"$16,000,000","$16,000,000","$17,000,000","$16,000,000",,,Bird,"$60,000,000"
81,Gary Trent Jr.,TOR,"$16,000,000","$17,280,000","$18,560,000",,,,Bird,"$33,280,000"
82,Lauri Markkanen,CLE,"$15,690,909","$16,475,454","$17,259,999","$18,044,544",,,Sign and Trade,"$55,426,362"
83,Marcus Morris,LAC,"$15,627,907","$16,372,093","$17,116,279",,,,Non Bird,"$49,116,279"
84,Duncan Robinson,MIA,"$15,560,000","$16,902,000","$18,154,000","$19,406,000","$19,888,000",,Bird,"$79,910,000"
85,Norman Powell,LAC,"$15,517,242","$16,758,621","$18,000,000","$19,241,379","$20,482,758",,Bird,"$90,000,000"
86,Dejounte Murray,SAS,"$15,428,571","$16,571,429","$17,714,286",,,,1st Round pick,"$49,714,286"
87,Will Barton,DEN,"$15,384,615","$16,615,385",,,,,Bird,"$32,000,000"
88,Derrick White,BOS,"$15,178,571","$16,392,857","$17,607,143","$18,821,429",,,Bird,"$68,000,000"
89,Taurean Prince,MIN,"$15,057,692",,,,,,1st Round pick,"$15,057,692"
90,Malik Beasley,MIN,"$14,391,964","$15,458,035","$16,524,106",,,,Bird,"$29,849,999"
91,Marcus Smart,BOS,"$14,339,285","$16,607,142","$18,583,713","$19,960,285","$21,336,856",,Bird Rights,"$90,827,281"
92,Patrick Beverley,MIN,"$14,320,988","$13,000,000",,,,,Bird Rights,"$27,320,988"
93,Thaddeus Young,TOR,"$14,190,000",,,,,,Cap space,"$14,190,000"
94,Jonas Valančiūnas,NOP,"$14,000,000","$14,700,000","$15,435,000",,,,Bird Rights,"$44,135,000"
95,Joe Ingles,POR,"$14,000,000",,,,,,Bird Rights,"$14,000,000"
96,Doug McDermott,SAS,"$13,750,000","$13,750,000","$13,750,000",,,,Sign and Trade,"$41,250,000"
97,Christian Wood,HOU,"$13,666,667","$14,317,459",,,,,Sign and Trade,"$27,984,126"
98,Derrick Rose,NYK,"$13,445,120","$14,520,730","$15,596,339",,,,Early Bird,"$27,965,850"
99,Brook Lopez,MIL,"$13,302,325","$13,906,976",,,,,Cap Space,"$27,209,301"
100,Kentavious Caldwell-Pope,WAS,"$13,038,862","$14,004,703",,,,,Early Bird,"$17,926,980"
101,Kyle Kuzma,WAS,"$13,000,000","$13,000,000","$13,000,000",,,,Bird,"$26,000,000"
102,Robert Covington,LAC,"$12,975,471",,,,,,Cap Space,"$12,975,471"
103,Luke Kennard,LAC,"$12,727,273","$13,745,455","$14,763,636","$14,763,636",,,Bird,"$41,236,364"
104,T.J. Warren,IND,"$12,690,000",,,,,,1st Round Pick,"$12,690,000"
105,Deandre Ayton,PHO,"$12,632,950",,,,,,1st Round Pick,"$12,632,950"
106,Terrence Ross,ORL,"$12,500,000","$11,500,000",,,,,Bird Rights,"$24,000,000"
107,Jordan Clarkson,UTA,"$12,420,000","$13,340,000","$14,260,000",,,,Bird,"$25,760,000"
108,Dillon Brooks,MEM,"$12,200,000","$11,400,000",,,,,MLE,"$23,600,000"
109,Kelly Olynyk,DET,"$12,195,122","$12,804,878","$12,195,122",,,,Cap Space,"$28,000,000"
110,Kelly Oubre Jr.,CHO,"$12,000,000","$12,600,000",,,,,Cap Space,"$17,000,000"
111,Josh Hart,POR,"$12,000,000","$12,960,000","$12,960,000",,,,Bird,"$12,000,000"
112,Jusuf Nurkić,POR,"$12,000,000",,,,,,Bird Rights,"$4,000,000"
113,Josh Richardson,SAS,"$11,615,328","$12,196,094",,,,,Minimum Salary,"$23,811,422"
114,Marvin Bagley III,DET,"$11,312,114",,,,,,1st Round Pick,"$11,312,114"
115,Devonte' Graham,NOP,"$11,000,000","$11,550,000","$12,100,000","$12,650,000",,,Sign and Trade,"$37,500,000"
116,Dwight Powell,DAL,"$11,000,000","$11,814,815",,,,,Cap Space,"$22,814,815"
117,Zion Williamson,NOP,"$10,733,400","$13,534,817",,,,,1st Round Pick,"$10,733,400"
118,Larry Nance Jr.,NOP,"$10,690,909","$9,672,727",,,,,1st Round pick,"$20,363,636"
119,Jeremy Lamb,SAC,"$10,500,000",,,,,,Cap Space,"$10,500,000"
120,Richaun Holmes,SAC,"$10,384,500","$11,215,260","$12,046,020","$12,876,780",,,Early Bird,"$33,645,780"
121,Reggie Jackson,LAC,"$10,384,500","$11,215,260",,,,,Early Bird,"$21,599,760"
122,Anthony Edwards,MIN,"$10,245,480","$10,733,400","$13,534,817",,,,1st Round Pick,"$20,978,880"
123,Luka Dončić,DAL,"$10,174,391","$35,700,000","$38,556,000","$41,412,000","$44,268,000","$47,124,000",1st Round Pick,"$217,234,391"
124,Cade Cunningham,DET,"$10,050,120","$10,552,800","$11,055,240","$13,940,658",,,1st Round Pick,"$20,602,920"
125,Tomáš Satoranský,SAS,"$10,468,119",,,,,,,"$10,000,000"
126,Danny Green,PHI,"$10,000,000","$10,000,000",,,,,Early Bird,"$10,000,000"
127,Kyle Anderson,MEM,"$9,937,150",,,,,,MLE,"$9,937,150"
128,Serge Ibaka,MIL,"$9,742,000",,,,,,MLE,"$9,742,000"
129,Jae Crowder,PHO,"$9,720,900","$10,183,800",,,,,MLE,"$19,904,700"
130,Derrick Favors,OKC,"$9,720,900","$10,183,800",,,,,MLE,"$9,720,900"
131,Tristan Thompson,IND,"$10,720,900",,,,,,,"$9,720,900"
132,Montrezl Harrell,CHO,"$9,720,900",,,,,,MLE,"$9,720,900"
133,Derrick Jones Jr.,CHI,"$9,720,900",,,,,,MLE,"$9,720,900"
134,Ja Morant,MEM,"$9,603,360","$12,119,440",,,,,1st Round Pick,"$21,722,800"
135,Reggie Bullock,DAL,"$9,536,000","$10,012,800","$10,489,600",,,,MLE,"$25,000,000"
136,Alec Burks,NYK,"$9,536,000","$10,012,800","$10,489,600",,,,Cap Space,"$19,548,800"
137,Talen Horton-Tucker,LAL,"$9,500,000","$10,260,000","$11,020,000",,,,Early Bird,"$19,760,000"
138,Jaren Jackson Jr.,MEM,"$9,180,560","$23,437,500","$25,312,500","$27,187,500","$29,062,500",,1st Round Pick,"$114,180,560"
139,James Wiseman,GSW,"$9,166,800","$9,603,360","$12,119,440",,,,1st Round Pick,"$18,770,160"
140,Nicolas Batum,CHO,"$12,213,507","$12,372,008",,,,,,"$18,086,956"
141,Dario Šarić,PHO,"$9,000,000","$9,666,667",,,,,Bird,"$18,666,667"
142,Jalen Green,HOU,"$8,992,200","$9,441,720","$9,891,600","$12,483,199",,,1st Round Pick,"$18,433,920"
143,Nerlens Noel,NYK,"$8,800,000","$9,240,000","$9,680,000",,,,Cap Space,"$18,040,000"
144,Jakob Poeltl,SAS,"$8,750,000","$9,398,148",,,,,Bird,"$18,148,148"
145,Maxi Kleber,DAL,"$8,750,000","$9,000,000",,,,,Early Bird Rights,"$8,750,000"
146,Thomas Bryant,WAS,"$8,730,159",,,,,,Early Bird Rights,"$8,730,159"
147,Kemba Walker,NYK,"$34,967,442","$36,596,549",,,,,Cap Space,"$17,894,491"
148,Royce O'Neale,UTA,"$8,678,571","$9,321,429","$9,964,286",,,,Cap space,"$27,964,286"
149,RJ Barrett,NYK,"$8,623,920","$10,900,635",,,,,1st Round Pick,"$19,524,555"
150,Alex Caruso,CHI,"$8,604,651","$9,034,884","$9,465,116","$9,895,349",,,MLE,"$37,000,000"
151,Delon Wright,ATL,"$8,526,316",,,,,,Sign and Trade,"$8,526,316"
152,De'Anthony Melton,MEM,"$8,437,500","$9,062,500","$9,687,500",,,,Early Bird,"$27,187,500"
153,Daniel Theis,BOS,"$8,372,093","$8,790,698","$9,209,302","$9,627,907",,,Sign and Trade,"$36,000,000"
154,Monte Morris,DEN,"$8,333,333","$9,000,000","$9,666,667",,,,Bird,"$27,000,000"
155,Trae Young,ATL,"$8,326,471","$29,750,000","$32,130,000","$34,510,000","$36,890,000","$39,270,000",1st Round Pick,"$180,876,471"
156,JaMychal Green,DEN,"$8,292,683","$8,707,317",,,,,Non Bird,"$17,000,000"
157,LaMelo Ball,CHO,"$8,231,760","$8,623,920","$10,900,635",,,,1st Round Pick,"$16,855,680"
158,Seth Curry,BRK,"$8,186,047","$8,558,140",,,,,MLE,"$16,744,187"
159,Mason Plumlee,CHO,"$8,137,500","$8,525,000",,,,,Cap space,"$16,662,500"
160,Evan Mobley,CLE,"$8,075,160","$8,478,720","$8,882,760","$11,227,809",,,1st Round Pick,"$16,553,880"
161,Cedi Osman,CLE,"$8,050,000","$7,350,000","$6,650,000",,,,MLE,"$15,400,000"
162,DeAndre Jordan,DET,"$11,109,327","$7,827,907",,,,,,"$15,703,440"
163,De'Andre Hunter,ATL,"$7,775,400","$9,835,881",,,,,1st Round Pick,"$17,611,281"
164,Mo Bamba,ORL,"$7,568,742",,,,,,1st Round Pick,"$7,568,742"
165,Tyus Jones,MEM,"$7,522,200",,,,,,MLE,"$7,522,200"
166,Ivica Zubac,LAC,"$7,518,518","$7,518,518",,,,,Bird Rights,"$7,518,518"
167,T.J. McConnell,IND,"$7,500,000","$8,100,000","$8,700,000","$9,300,000",,,Early Bird,"$29,300,000"
168,Patrick Williams,CHI,"$7,422,000","$7,775,400","$9,835,881",,,,1st Round Pick,"$15,197,400"
169,Scottie Barnes,TOR,"$7,280,520","$7,644,720","$8,008,560","$10,130,828",,,1st Round Pick,"$14,925,240"
170,Darius Garland,CLE,"$7,040,880","$8,920,795",,,,,1st Round Pick,"$15,961,675"
171,Chris Boucher,TOR,"$7,009,615",,,,,,Early Bird,"$7,009,615"
172,D.J. Augustin,HOU,"$7,622,467","$333,333",,,,,,"$7,333,333"
173,P.J. Tucker,MIA,"$7,000,000","$7,350,000",,,,,MLE,"$7,000,000"
174,Zach Collins,SAS,"$6,984,127","$7,333,333","$7,682,540",,,,Cap Space,"$22,000,000"
175,Wendell Carter Jr.,ORL,"$6,920,027","$14,150,000","$13,050,000","$11,950,000","$10,850,000",,1st Round Pick,"$50,000,000"
176,Isaac Okoro,CLE,"$6,720,720","$7,040,880","$8,920,795",,,,1st Round Pick,"$13,761,600"
177,Jalen Suggs,ORL,"$6,593,040","$6,922,440","$7,252,200","$9,188,537",,,1st Round Pick,"$13,515,480"
178,Cameron Payne,PHO,"$6,500,000","$6,000,000","$6,500,000",,,,Early Bird,"$14,500,000"
179,Joakim Noah,NYK,"$6,431,666",,,,,,,"$6,431,666"
180,Jarrett Culver,MEM,"$6,395,160","$8,109,063",,,,,1st Round Pick,"$6,395,160"
181,Khem Birch,TOR,"$6,350,000","$6,667,750","$6,985,000",,,,MLE,"$20,002,750"
182,Collin Sexton,CLE,"$6,349,671",,,,,,1st Round Pick,"$6,349,671"
183,Juancho Hernangómez,UTA,"$6,175,440","$6,632,880",,,,,Bird,"$6,175,440"
184,Onyeka Okongwu,ATL,"$6,104,280","$6,395,160","$8,109,063",,,,1st Round Pick,"$12,499,440"
185,Justin Holiday,SAC,"$6,006,420","$6,292,440",,,,,Non Bird,"$12,298,860"
186,Josh Giddey,OKC,"$5,988,000","$6,287,400","$6,587,040","$8,352,367",,,1st Round Pick,"$12,275,400"
187,Rudy Gay,UTA,"$5,890,000","$6,184,500","$6,479,000",,,,Mini MLE,"$12,074,500"
188,Dennis Schröder,HOU,"$5,890,000",,,,,,Mini MLE,"$5,890,000"
189,Patty Mills,BRK,"$5,890,000","$6,184,500",,,,,Mini MLE,"$5,890,000"
190,Kevin Knox,ATL,"$5,845,978",,,,,,1st Round Pick,"$5,845,978"
191,Coby White,CHI,"$5,837,760","$7,413,955",,,,,1st Round Pick,"$5,837,760"
192,Timofey Mozgov,ORL,"$5,573,334",,,,,,,"$5,573,334"
193,Killian Hayes,DET,"$5,572,680","$5,837,760","$7,413,955",,,,1st Round Pick,"$11,410,440"
194,Mikal Bridges,PHO,"$5,557,725","$20,089,286","$21,696,429","$23,303,571","$24,910,714",,1st Round Pick,"$95,557,725"
195,Shai Gilgeous-Alexander,OKC,"$5,495,532","$29,750,000","$32,130,000","$34,510,000","$36,890,000","$39,270,000",1st Round Pick,"$178,045,532"
196,Jonathan Kuminga,GSW,"$5,466,360","$5,739,960","$6,012,720","$7,636,154",,,1st Round Pick,"$11,206,320"
197,Miles Bridges,CHO,"$5,421,493",,,,,,1st Round Pick,"$5,421,493"
198,Jaxson Hayes,NOP,"$5,348,280","$6,803,012",,,,,1st Round Pick,"$12,151,292"
199,Pat Connaughton,MIL,"$5,333,333","$5,728,395",,,,,Early Bird,"$5,333,333"
200,Michael Porter Jr.,DEN,"$5,258,735","$29,750,000","$32,130,000","$34,510,000","$36,890,000","$39,270,000",1st Round Pick,"$150,538,735"
201,Ryan Anderson,MIA,"$5,214,584",,,,,,,"$5,214,584"
202,Hamidou Diallo,DET,"$5,200,000","$5,200,000",,,,,Bird,"$5,200,000"
203,Kevon Looney,GSW,"$5,178,572",,,,,,Bird Rights,"$5,178,572"
204,Troy Brown Jr.,CHI,"$5,170,564",,,,,,1st Round Pick,"$5,170,564"
205,Obi Toppin,NYK,"$5,105,160","$5,348,280","$6,803,012",,,,1st Round Pick,"$10,453,440"
206,Franz Wagner,ORL,"$5,007,840","$5,258,280","$5,508,720","$7,007,092",,,1st Round Pick,"$10,266,120"
207,Josh Jackson,SAC,"$5,005,350",,,,,,Room Exception,"$5,005,350"
208,JaVale McGee,PHO,"$5,000,000",,,,,,MLE,"$5,000,000"
209,Robin Lopez,ORL,"$5,000,000",,,,,,MLE,"$5,000,000"
210,Kendrick Nunn,LAL,"$5,000,000","$5,250,000",,,,,Mini MLE,"$5,000,000"
211,Lou Williams,ATL,"$5,000,000",,,,,,Bird,"$5,000,000"
212,Luol Deng,LAL,"$4,990,000",,,,,,,"$4,990,000"
213,Rui Hachimura,WAS,"$4,916,160","$6,263,188",,,,,1st Round Pick,"$11,179,348"
214,Garrett Temple,NOP,"$4,910,000","$5,155,500","$5,401,000",,,,Sign and Trade,"$10,065,500"
215,Cory Joseph,DET,"$7,310,000","$5,155,000",,,,,Room Exception,"$7,310,000"
216,Taj Gibson,NYK,"$4,910,000","$5,155,500",,,,,Room Exception,"$4,910,000"
217,Torrey Craig,PHO,"$4,878,049","$5,121,951",,,,,MLE,"$10,000,000"
218,Rajon Rondo,MEM,"$2,641,691",,,,,,,"$4,858,309"
219,Bruce Brown,BRK,"$4,736,102",,,,,,,"$4,736,102"
220,Deni Avdija,WAS,"$4,692,840","$4,916,160","$6,263,188",,,,1st Round Pick,"$9,609,000"
221,Donte DiVincenzo,SAC,"$4,675,830",,,,,,1st Round Pick,"$4,675,830"
222,Cam Reddish,NYK,"$4,670,160","$5,954,454",,,,,1st Round Pick,"$10,624,614"
223,David Nwaba,HOU,"$4,650,000","$5,022,000","$5,394,000",,,,Early Bird,"$9,672,000"
224,Furkan Korkmaz,PHI,"$4,629,630","$5,000,000","$5,370,370",,,,Bird,"$15,000,000"
225,Davion Mitchell,SAC,"$4,603,320","$4,833,600","$5,063,760","$6,451,230",,,1st Round Pick,"$9,436,920"
226,Ish Smith,WAS,"$4,500,000","$4,725,000",,,,,Room Exception,"$4,500,000"
227,Jeff Green,DEN,"$4,500,000","$4,500,000",,,,,MLE,"$4,500,000"
228,Jalen Smith,IND,"$4,458,000","$4,670,160","$5,954,454",,,,1st Round Pick,"$4,458,000"
229,Lonnie Walker IV,SAS,"$4,447,896",,,,,,1st Round Pick,"$4,447,896"
230,Cameron Johnson,PHO,"$4,437,000","$5,887,899",,,,,1st Round Pick,"$10,324,899"
231,Ziaire Williams,MEM,"$4,373,160","$4,591,920","$4,810,200","$6,133,005",,,1st Round Pick,"$8,965,080"
232,Maurice Harkless,SAC,"$4,347,600","$4,564,980",,,,,Non Bird,"$8,912,580"
233,Bobby Portis,MIL,"$4,347,600","$4,564,980",,,,,Non Bird,"$4,347,600"
234,Jarred Vanderbilt,MIN,"$4,259,259","$4,600,000","$4,940,741",,,,Bird,"$13,800,000"
235,Kevin Huerter,ATL,"$4,253,357","$14,508,929","$15,669,643","$16,830,357","$17,991,071",,1st Round Pick,"$69,253,357"
236,Devin Vassell,SAS,"$4,235,160","$4,437,000","$5,887,899",,,,1st Round Pick,"$8,672,160"
237,P.J. Washington,CHO,"$4,215,120","$5,808,435",,,,,1st Round Pick,"$10,023,555"
238,James Bouknight,CHO,"$4,154,400","$4,362,240","$4,570,080","$6,064,496",,,1st Round Pick,"$8,516,640"
239,Josh Okogie,MIN,"$4,087,904",,,,,,1st Round Pick,"$4,087,904"
240,Grayson Allen,MIL,"$4,054,695","$9,615,385","$10,384,615",,,,1st Round Pick,"$24,054,695"
241,Tyrese Haliburton,IND,"$4,023,600","$4,215,120","$5,808,435",,,,1st Round Pick,"$8,238,720"
242,Tyler Herro,MIA,"$4,004,280","$5,722,116",,,,,1st Round Pick,"$9,726,396"
243,Dorian Finney-Smith,DAL,"$4,000,000","$12,402,000","$13,394,160","$14,386,320","$15,378,480",,Bird Rights,"$44,182,480"
244,Terence Davis,SAC,"$4,000,000","$4,000,000",,,,,Early Bird,"$8,000,000"
245,George Hill,MIL,"$4,000,000","$4,000,000",,,,,MLE,"$8,000,000"
246,Gorgui Dieng,ATL,"$4,000,000",,,,,,MLE,"$4,000,000"
247,Aaron Holiday,PHO,"$3,980,551",,,,,,1st Round Pick,"$3,980,551"
248,Joshua Primo,SAS,"$3,946,800","$4,144,320","$4,341,600","$5,982,725",,,1st Round Pick,"$8,091,120"
249,Jake Layman,MIN,"$3,940,184",,,,,,Sign and Trade,"$3,940,184"
250,Anfernee Simons,POR,"$3,938,818",,,,,,1st Round Pick,"$3,938,818"
251,Justise Winslow,POR,"$3,902,439","$4,097,561",,,,,Mini MLE,"$8,000,000"
252,Kira Lewis Jr.,NOP,"$3,822,240","$4,004,280","$5,722,116",,,,1st Round Pick,"$7,826,520"
253,Romeo Langford,SAS,"$3,804,360","$5,634,257",,,,,1st Round Pick,"$9,438,617"
254,Facundo Campazzo,DEN,"$3,804,150",,,,,,Bi-Annual Exception,"$3,804,150"
255,Landry Shamet,PHO,"$3,768,342","$9,598,214","$10,366,071","$11,133,929","$11,901,786",,1st Round Pick,"$46,768,342"
256,Chris Duarte,IND,"$3,749,520","$3,936,960","$4,124,280","$5,893,596",,,1st Round Pick,"$7,686,480"
257,Alex Len,SAC,"$3,731,707","$3,918,293",,,,,Bi-Annual Exception,"$7,650,000"
258,Robert Williams,BOS,"$3,661,976","$10,700,000","$11,556,000","$12,412,000","$13,268,000",,1st Round Pick,"$51,597,976"
259,Jevon Carter,BRK,"$4,107,149","$3,925,000",,,,,,"$7,575,000"
260,Aaron Nesmith,BOS,"$3,631,200","$3,804,360","$5,634,257",,,,1st Round Pick,"$7,435,560"
261,Moses Moody,GSW,"$3,562,080","$3,740,160","$3,918,480","$5,803,269",,,1st Round Pick,"$7,302,240"
262,Boban Marjanović,DAL,"$3,500,000","$3,500,000",,,,,Early Bird,"$7,000,000"
263,Mike Muscala,OKC,"$3,500,000","$3,500,000",,,,,MLE,"$3,500,000"
264,Cole Anthony,ORL,"$3,449,400","$3,613,680","$5,539,771",,,,1st Round Pick,"$7,063,080"
265,Corey Kispert,WAS,"$3,383,640","$3,552,960","$3,722,040","$5,705,887",,,1st Round Pick,"$6,936,600"
266,Trey Burke,DAL,"$3,333,333","$3,492,063",,,,,MLE,"$3,333,333"
267,Georges Niang,PHI,"$3,300,000","$3,465,000",,,,,MLE,"$6,765,000"
268,Chuma Okeke,ORL,"$3,277,080","$3,433,320","$5,266,713",,,,1st Round Pick,"$6,710,400"
269,Isaiah Stewart,DET,"$3,277,080","$3,433,320","$5,266,713",,,,1st Round Pick,"$6,710,400"
270,Nickeil Alexander-Walker,UTA,"$3,261,480","$5,009,633",,,,,1st Round Pick,"$8,271,113"
271,Alperen Şengün,HOU,"$3,214,680","$3,375,480","$3,536,400","$5,424,838",,,1st Round Pick,"$6,590,160"
272,Nicolas Batum,LAC,"$12,213,507","$12,372,008",,,,,Non Bird,"$3,170,029"
273,Jon Leuer,MIL,"$3,169,347",,,,,,,"$3,169,347"
274,Aleksej Pokusevski,OKC,"$3,113,160","$3,261,480","$5,009,633",,,,1st Round Pick,"$6,374,640"
275,Goga Bitadze,IND,"$3,098,400","$4,765,339",,,,,1st Round Pick,"$7,863,739"
276,Trey Murphy III,NOP,"$3,053,760","$3,206,640","$3,359,280","$5,159,854",,,1st Round Pick,"$6,260,400"
277,Sterling Brown,DAL,"$3,000,000","$3,000,000",,,,,Bi-Annual Exception,"$6,000,000"
278,Michael Carter-Williams,ORL,"$3,000,000",,,,,,,"$3,000,000"
279,Frank Jackson,DET,"$3,000,000","$3,150,000",,,,,Cap Space,"$3,000,000"
280,Josh Green,DAL,"$2,957,520","$3,098,400","$4,765,339",,,,1st Round Pick,"$6,055,920"
281,Tre Mann,OKC,"$2,901,240","$3,046,200","$3,191,280","$4,908,189",,,1st Round Pick,"$5,947,440"
282,Dewayne Dedmon,DET,"$5,256,308","$2,866,667","$2,866,667","$2,866,667",,,,"$11,466,668"
283,Andrew Nicholson,POR,"$2,844,429","$2,844,429","$2,844,429",,,,,"$8,533,287"
284,Matisse Thybulle,PHI,"$2,840,160","$4,379,527",,,,,1st Round Pick,"$7,219,687"
285,Saddiq Bey,DET,"$2,824,320","$2,959,080","$4,556,983",,,,1st Round Pick,"$5,783,400"
286,Kai Jones,CHO,"$2,770,560","$2,909,160","$3,047,760","$4,693,550",,,1st Round Pick,"$5,679,720"
287,Brandon Clarke,MEM,"$2,726,880","$4,343,920",,,,,1st Round Pick,"$7,070,800"
288,Precious Achiuwa,TOR,"$2,711,280","$2,840,160","$4,379,527",,,,1st Round Pick,"$5,551,440"
289,Jalen Johnson,ATL,"$2,659,560","$2,792,520","$2,925,480","$4,511,090",,,1st Round Pick,"$5,452,080"
290,Paul Millsap,PHI,"$2,641,691",,,,,,Minimum Salary,"$2,641,691"
291,E'Twaun Moore,ORL,"$2,641,691",,,,,,,"$2,641,691"
292,Udonis Haslem,MIA,"$2,641,691",,,,,,Minimum Salary,"$2,641,691"
293,Markieff Morris,MIA,"$2,641,691",,,,,,Minimum Salary,"$2,641,691"
294,Trevor Ariza,LAL,"$2,641,691",,,,,,,"$2,641,691"
295,DeAndre Jordan,LAL,"$11,109,327","$7,827,907",,,,,,"$2,641,691"
296,Dwight Howard,LAL,"$2,641,691",,,,,,Minimum Salary,"$2,641,691"
297,Wayne Ellington,LAL,"$2,641,691",,,,,,Minimum Salary,"$2,641,691"
298,Carmelo Anthony,LAL,"$2,641,691",,,,,,Minimum Salary,"$2,641,691"
299,Enes Freedom,HOU,"$2,641,691",,,,,,,"$2,641,691"
300,Andre Iguodala,GSW,"$2,641,691",,,,,,Minimum Salary,"$2,641,691"
301,Rajon Rondo,CLE,"$2,641,691",,,,,,Minimum Salary,"$2,641,691"
302,James Johnson,BRK,"$2,641,691",,,,,,,"$2,641,691"
303,Blake Griffin,BRK,"$32,405,817",,,,,,Minimum Salary,"$2,641,691"
304,LaMarcus Aldridge,BRK,"$2,641,691",,,,,,Minimum Salary,"$2,641,691"
305,Avery Bradley,LAL,"$2,641,691",,,,,,,
306,Ed Davis,CLE,"$2,641,691",,,,,,,
307,Grant Williams,BOS,"$2,617,800","$4,306,281",,,,,1st Round Pick,"$6,924,081"
308,Tyrese Maxey,PHI,"$2,602,920","$2,726,880","$4,343,920",,,,1st Round Pick,"$5,329,800"
309,Keon Johnson,POR,"$2,553,120","$2,681,040","$2,808,720","$4,474,291",,,1st Round Pick,"$5,234,160"
310,Darius Bazley,OKC,"$2,513,040","$4,264,629",,,,,1st Round Pick,"$6,777,669"
311,Trey Lyles,SAC,"$2,500,000","$2,625,000",,,,,Cap Space,"$2,500,000"
312,Zeke Nnaji,DEN,"$2,498,760","$2,617,800","$4,306,281",,,,1st Round Pick,"$5,116,560"
313,Isaiah Jackson,IND,"$2,451,120","$2,573,760","$2,696,280","$4,435,381",,,1st Round Pick,"$5,024,880"
314,Ty Jerome,OKC,"$2,412,840","$4,220,057",,,,,1st Round Pick,"$6,632,897"
315,Hassan Whiteside,UTA,"$2,401,537",,,,,,Minimum Salary,"$2,401,537"
316,Kent Bazemore,LAL,"$2,401,537",,,,,,Minimum Salary,"$2,401,537"
317,Austin Rivers,DEN,"$2,401,537",,,,,,Minimum Salary,"$2,401,537"
318,Andre Drummond,BRK,"$2,401,537",,,,,,Minimum Salary,"$2,401,537"
319,Cory Joseph,DET,"$7,310,000","$5,155,000",,,,,,"$7,310,000"
320,Cody Zeller,POR,"$2,389,641",,,,,,,"$2,389,641"
321,Ben McLemore,POR,"$2,389,641",,,,,,Minimum Salary,"$2,389,641"
322,Solomon Hill,NYK,"$2,389,641",,,,,,,"$2,389,641"
323,Tony Snell,NOP,"$2,389,641",,,,,,Minimum Salary,"$2,389,641"
324,Victor Oladipo,MIA,"$2,389,641",,,,,,Minimum Salary,"$2,389,641"
325,Dewayne Dedmon,MIA,"$5,256,308","$2,866,667","$2,866,667","$2,866,667",,,Minimum Salary,"$2,389,641"
326,Otto Porter Jr.,GSW,"$2,389,641",,,,,,Minimum Salary,"$2,389,641"
327,Leandro Bolmaro,MIN,"$2,353,320","$2,471,160","$2,588,400","$4,392,515",,,1st Round Pick,"$4,824,480"
328,Usman Garuba,HOU,"$2,353,320","$2,471,160","$2,588,400","$4,392,515",,,1st Round Pick,"$4,824,480"
329,Willy Hernangómez,NOP,"$2,327,220","$2,443,581","$2,559,942",,,,Non Bird,"$4,770,801"
330,Nassir Little,POR,"$2,316,240","$4,171,548",,,,,1st Round Pick,"$6,487,788"
331,R.J. Hampton,ORL,"$2,303,040","$2,412,840","$4,220,057",,,,1st Round Pick,"$4,715,880"
332,Josh Christopher,HOU,"$2,259,240","$2,372,160","$2,485,200","$4,346,615",,,1st Round Pick,"$4,631,400"
333,Monta Ellis,IND,"$2,245,400",,,,,,,"$2,245,400"
334,Elfrid Payton,PHO,"$2,239,544",,,,,,Minimum Salary,"$2,239,544"
335,Rodney Hood,LAC,"$2,239,544",,,,,,Minimum Salary,"$2,239,544"
336,Dylan Windler,CLE,"$2,239,200","$4,037,278",,,,,1st Round Pick,"$6,276,478"
337,Immanuel Quickley,NYK,"$2,210,640","$2,316,240","$4,171,548",,,,1st Round Pick,"$4,526,880"
338,John Konchar,MEM,"$2,197,674","$2,302,326","$2,406,977",,,,MLE,"$6,906,977"
339,Quentin Grimes,NYK,"$2,168,760","$2,277,000","$2,385,720","$4,296,682",,,1st Round Pick,"$4,445,760"
340,Jordan Poole,GSW,"$2,161,440","$3,901,399",,,,,1st Round Pick,"$6,062,839"
341,Bol Bol,ORL,"$2,161,152",,,,,,MLE,"$2,161,152"
342,Keldon Johnson,SAS,"$2,145,720","$3,873,025",,,,,1st Round Pick,"$6,018,745"
343,Payton Pritchard,BOS,"$2,137,440","$2,239,200","$4,037,278",,,,1st Round Pick,"$4,376,640"
344,Kevin Porter Jr.,HOU,"$2,130,240","$3,845,083",,,,,1st Round Pick,"$5,975,323"
345,Bones Hyland,DEN,"$2,096,880","$2,201,400","$2,306,400","$4,158,439",,,1st Round Pick,"$4,298,280"
346,Raul Neto,WAS,"$2,089,448",,,,,,Minimum Salary,"$2,089,448"
347,Frank Kaminsky,PHO,"$2,089,448",,,,,,,"$2,089,448"
348,Nemanja Bjelica,GSW,"$2,089,448",,,,,,Minimum Salary,"$2,089,448"
349,Udoka Azubuike,UTA,"$2,075,880","$2,174,880","$3,923,484",,,,1st Round Pick,"$4,250,760"
350,Jaden McDaniels,MIN,"$2,063,280","$2,161,440","$3,901,399",,,,1st Round Pick,"$4,224,720"
351,Malachi Flynn,TOR,"$2,048,040","$2,145,720","$3,873,025",,,,1st Round Pick,"$4,193,760"
352,Cam Thomas,BRK,"$2,036,280","$2,138,160","$2,240,040","$4,041,032",,,1st Round Pick,"$4,174,440"
353,Desmond Bane,MEM,"$2,033,160","$2,130,240","$3,845,083",,,,1st Round Pick,"$4,163,400"
354,Jaden Springer,PHI,"$2,023,800","$2,125,200","$2,226,360","$4,018,580",,,1st Round Pick,"$4,149,000"
355,Day'Ron Sharpe,BRK,"$2,009,040","$2,109,360","$2,210,160","$3,989,339",,,1st Round Pick,"$4,118,400"
356,Jeremiah Robinson-Earl,OKC,"$2,000,000","$2,000,000","$1,900,000","$1,988,598",,,MLE,"$4,000,000"
357,Killian Tillie,MEM,"$2,000,000","$2,000,000",,,,,Room Exception,"$4,000,000"
358,Abdel Nader,PHO,"$2,000,000",,,,,,,"$2,000,000"
359,Théo Maledon,OKC,"$2,000,000","$1,900,000","$1,930,681",,,,MLE,"$2,000,000"
360,Kenrich Williams,OKC,"$2,000,000","$2,000,000",,,,,,
361,Santi Aldama,MEM,"$1,994,520","$2,094,240","$2,194,200","$3,960,531",,,1st Round Pick,"$4,088,760"
362,Damian Jones,SAC,"$1,977,011",,,,,,,
363,Wesley Matthews,MIL,"$1,958,501",,,,,,,
364,Rodney McGruder,DET,"$1,939,350",,,,,,Minimum Salary,"$1,939,350"
365,DeAndre' Bembry,BRK,"$2,541,217",,,,,,,"$1,939,350"
366,Gary Payton II,GSW,"$1,939,350",,,,,,Minimum Salary,"$350,000"
367,Timothé Luwawu-Cabarrot,ATL,"$1,939,350",,,,,,,
368,PJ Dozier,ORL,"$1,910,860",,,,,,,"$1,910,860"
369,Damion Lee,GSW,"$1,910,860",,,,,,,
370,Larry Sanders,MIL,"$1,865,547",,,,,,,"$1,865,547"
371,Shake Milton,PHI,"$1,846,738","$1,997,718",,,,,Cap Space,"$1,846,738"
372,Mitchell Robinson,NYK,"$1,802,057",,,,,,MLE,"$1,802,057"
373,Jalen Brunson,DAL,"$1,802,057",,,,,,,
374,Dennis Smith Jr.,POR,"$1,789,256",,,,,,,"$1,789,256"
375,Malik Monk,LAL,"$1,789,256",,,,,,Minimum Salary,"$1,789,256"
376,Semi Ojeleye,LAC,"$1,789,256",,,,,,,"$1,789,256"
377,Frank Ntilikina,DAL,"$1,789,256","$2,036,318",,,,,Minimum Salary,"$1,789,256"
378,Tony Bradley,CHI,"$1,789,256","$2,036,318",,,,,Minimum Salary,"$1,789,256"
379,Didi Louzada,POR,"$1,786,878","$1,876,222","$1,965,566","$2,057,646",,,Non Bird,"$3,663,100"
380,Daniel Gafford,WAS,"$1,782,621","$1,930,681","$12,402,000","$13,394,160","$14,386,320",,Minimum Salary,"$43,895,782"
381,Terance Mann,LAC,"$1,782,621","$1,930,681","$10,576,923","$11,423,077",,,Minimum Salary,"$25,713,302"
382,Eric Paschall,UTA,"$1,782,621",,,,,,MLE,"$1,782,621"
383,KZ Okpala,OKC,"$1,782,621",,,,,,,"$1,782,621"
384,Carsen Edwards,MEM,"$76,744","$1,815,677",,,,,,"$1,782,621"
385,Bruno Fernando,HOU,"$1,782,621",,,,,,Cap space,"$1,782,621"
386,Cody Martin,CHO,"$1,782,621",,,,,,MLE,"$1,782,621"
387,Nic Claxton,BRK,"$1,782,621",,,,,,Minimum Salary,"$1,782,621"
388,Luguentz Dort,OKC,"$1,782,621","$1,930,681",,,,,Minimum Salary,"$625,000"
389,Isaiah Roby,OKC,"$1,782,621","$1,930,681",,,,,,
390,Jaylen Nowell,MIN,"$1,782,621","$1,930,681",,,,,,
391,Naz Reid,MIN,"$1,782,621","$1,930,681",,,,,,
392,Vlatko Čančar,DEN,"$1,782,621",,,,,,,
393,Dean Wade,CLE,"$1,782,621","$1,930,681",,,,,,
394,Jalen McDaniels,CHO,"$1,782,621","$1,930,681",,,,,,
395,Drew Eubanks,TOR,"$1,762,796",,,,,,,"$1,762,796"
396,Chimezie Metu,SAC,"$1,762,796","$1,910,860",,,,,,
397,Yuta Watanabe,TOR,"$1,762,769",,,,,,,
398,Svi Mykhailiuk,TOR,"$1,729,217","$1,878,720",,,,,Minimum Salary,"$1,729,217"
399,Keita Bates-Diop,SAS,"$1,729,217","$1,878,720",,,,,Minimum Salary,"$1,729,217"
400,Moritz Wagner,ORL,"$1,729,217","$1,878,720",,,,,Minimum Salary,"$1,729,217"
401,Thanasis Antetokounmpo,MIL,"$1,729,217","$1,878,720",,,,,Minimum Salary,"$1,729,217"
402,Isaac Bonga,TOR,"$1,729,217",,,,,,,
403,Isaiah Hartenstein,LAC,"$3,430,810",,,,,,,
404,Juan Toscano-Anderson,GSW,"$1,701,593",,,,,,Minimum Salary,"$1,701,593"
405,Moses Brown,DAL,"$1,720,779",,,,,,,"$1,701,593"
406,Oshae Brissett,IND,"$1,701,593","$1,846,738",,,,,,
407,Isaiah Hartenstein,CLE,"$3,430,810",,,,,,,
408,Herbert Jones,NOP,"$1,700,000","$1,785,000","$1,836,096",,,,MLE,"$3,485,000"
409,Gabriel Deck,OKC,"$1,690,507",,,,,,Cap Space,"$1,690,507"
410,Jordan McLaughlin,MIN,"$1,669,178","$1,815,677","$1,968,182",,,,Early Bird,"$5,453,037"
411,Javonte Green,CHI,"$1,669,178","$1,815,677",,,,,Minimum Salary,"$3,484,855"
412,Max Strus,MIA,"$1,669,178","$1,815,677",,,,,Minimum Salary,"$1,669,178"
413,Gabe Vincent,MIA,"$1,669,178","$1,815,677",,,,,Minimum Salary,"$1,669,178"
414,Kevin Pangos,CLE,"$1,669,178",,,,,,,"$1,669,178"
415,Matt Thomas,CHI,"$1,669,178",,,,,,Minimum Salary,"$1,669,178"
416,Vernon Carey Jr.,WAS,"$1,517,981","$1,782,621","$1,930,681",,,,Cap Space,"$3,300,602"
417,Xavier Tillman Sr.,MEM,"$1,517,981","$1,782,621","$1,930,681",,,,MLE,"$3,300,602"
418,Tyrell Terry,DAL,"$1,517,981","$1,782,621",,,,,,"$3,300,602"
419,Tre Jones,SAS,"$1,517,981","$1,782,621",,,,,MLE,"$1,517,981"
420,Robert Woodard II,SAC,"$1,517,981",,,,,,,"$1,517,981"
421,Jahmi'us Ramsey,SAC,"$1,517,981",,,,,,,"$1,517,981"
422,CJ Elleby,POR,"$1,517,981",,,,,,Minimum Salary,"$1,517,981"
423,Elijah Hughes,POR,"$1,517,981",,,,,,Minimum Salary,"$1,517,981"
424,Isaiah Joe,PHI,"$1,517,981","$1,782,621",,,,,MLE,"$1,517,981"
425,Naji Marshall,NOP,"$1,517,981","$1,782,621","$1,930,681",,,,MLE,"$1,517,981"
426,Jordan Nwora,MIL,"$1,517,981",,,,,,Minimum Salary,"$1,517,981"
427,Nick Richards,CHO,"$1,517,981","$1,782,621",,,,,Cap Space,"$1,517,981"
428,Anthony Gill,WAS,"$1,517,981",,,,,,,
429,Paul Reed,PHI,"$1,517,981","$1,782,621",,,,,,
430,Kenyon Martin Jr.,HOU,"$1,517,981","$1,782,621","$1,930,681",,,,,
431,Jae'Sean Tate,HOU,"$1,517,981","$1,782,621",,,,,,
432,Lamar Stevens,CLE,"$1,517,981","$1,782,621","$1,930,681",,,,,
433,Isaiah Todd,WAS,"$1,500,000","$1,563,518","$1,836,096","$1,988,598",,,MLE,"$4,899,614"
434,Jose Alvarado,NOP,"$1,500,000","$1,563,518","$1,836,096","$1,988,598",,,MLE,"$3,063,518"
435,Saben Lee,DET,"$1,489,065","$1,752,638","$1,902,137",,,,Cap Space,"$3,241,703"
436,Omer Yurtseven,MIA,"$1,489,065","$1,752,638",,,,,Minimum Salary,"$1,489,065"
437,Armoni Brooks,HOU,"$1,625,991","$1,752,638",,,,,,"$1,489,065"
438,J.R. Smith,CLE,"$1,456,666",,,,,,,"$1,456,666"
439,Danuel House Jr.,HOU,"$2,045,094",,,,,,,"$1,387,498"
440,Bismack Biyombo,PHO,"$1,366,392",,,,,,Minimum Salary,"$1,518,213"
441,George Hill,PHI,"$4,000,000","$4,000,000",,,,,,"$1,275,491"
442,DeMarre Carroll,SAS,"$1,252,127",,,,,,,"$1,252,127"
443,JT Thor,CHO,"$1,250,000","$1,563,518","$1,836,096","$1,988,598",,,Cap Space,"$2,813,518"
444,Garrison Mathews,HOU,"$1,093,598","$1,815,677","$1,968,182","$2,230,253",,,Cap Space,"$1,093,598"
445,Alfonzo McKinnie,CHI,"$1,090,007",,,,,,,"$1,292,183"
446,Jabari Parker,BOS,"$1,068,288",,,,,,,"$1,168,288"
447,Jason Preston,LAC,"$1,062,303","$1,563,518","$1,836,096",,,,Mini MLE,"$2,625,821"
448,Isaiah Livers,DET,"$1,057,260","$1,563,518","$1,836,096",,,,Cap Space,"$2,620,778"
449,Guerschon Yabusele,BOS,"$1,039,080",,,,,,,"$1,039,080"
450,Aaron Wiggins,OKC,"$1,000,000","$1,563,518","$1,836,096","$1,988,598",,,Cap Space,"$1,000,000"
451,Tristan Thompson,CHI,"$10,720,900",,,,,,Bi-Annual Exception,"$1,000,000"
452,Kyle Singler,OKC,"$999,200","$999,200",,,,,,"$1,998,400"
453,Marquese Chriss,DAL,"$958,529","$2,193,920",,,,,Minimum Salary,"$3,486,820"
454,Jared Butler,UTA,"$925,258","$1,563,518",,,,,Minimum Salary,"$2,488,776"
455,Greg Brown III,POR,"$925,258","$1,563,518","$1,836,096",,,,Mini MLE,"$2,488,776"
456,Miles McBride,NYK,"$925,258","$1,563,518","$1,836,096",,,,Cap Space,"$2,488,776"
457,Brandon Boston Jr.,LAC,"$925,258","$1,563,518","$1,836,096",,,,Mini MLE,"$2,488,776"
458,Marko Simonovic,CHI,"$925,258","$1,563,518","$1,836,096",,,,MLE,"$2,488,776"
459,Vit Krejci,OKC,"$925,258","$1,563,518","$1,836,096","$1,988,598",,,MLE,"$1,707,017"
460,Charles Bassey,PHI,"$925,258","$1,563,518","$1,836,096",,,,MLE,"$1,000,000"
461,Dalano Banton,TOR,"$925,258","$1,563,518",,,,,Minimum Salary,"$925,258"
462,Jock Landale,SAS,"$925,258","$1,563,518",,,,,Minimum Salary,"$925,258"
463,Ayo Dosunmu,CHI,"$925,258","$1,563,518",,,,,Minimum Salary,"$925,258"
464,Austin Reaves,LAL,"$925,258",,,,,,,
465,Luka Garza,DET,"$925,258",,,,,,,
466,Lance Stephenson,IND,"$924,730",,,,,,Minimum Salary,"$1,476,806"
467,Stanley Johnson,LAL,"$888,616","$2,351,521",,,,,Minimum Salary,"$1,248,865"
468,Miye Oni,OKC,"$850,331",,,,,,,"$850,331"
469,Wayne Selden,NYK,"$785,102",,,,,,,"$785,102"
470,Goran Dragić,BRK,"$20,168,742",,,,,,Minimum Salary,"$728,742"
471,Brad Wanamaker,IND,"$705,598",,,,,,,"$705,598"
472,Alize Johnson,CHI,"$705,598",,,,,,,"$705,598"
473,DeMarcus Cousins,DEN,"$1,290,481",,,,,,Minimum Salary,"$1,138,659"
474,Shaun Livingston,GSW,"$666,666",,,,,,,"$666,666"
475,Sam Merrill,MEM,"$663,024",,,,,,Minimum Salary,"$663,024"
476,Danuel House Jr.,UTA,"$2,045,094",,,,,,Minimum Salary,"$991,967"
477,D.J. Augustin,LAL,"$7,622,467","$333,333",,,,,Minimum Salary,"$622,467"
478,DeMarcus Cousins,MIL,"$1,290,481",,,,,,,"$607,285"
479,Luke Kornet,BOS,"$606,702",,,,,,Minimum Salary,"$606,702"
480,DeAndre' Bembry,MIL,"$2,541,217",,,,,,,"$601,867"
481,DeAndre Jordan,PHI,"$11,109,327","$7,827,907",,,,,Minimum Salary,"$592,103"
482,Ryan Arcidiacono,NYK,"$586,136",,,,,,Minimum Salary,"$791,798"
483,Keifer Sykes,IND,"$558,345",,,,,,,"$558,345"
484,Caleb Martin,MIA,"$527,614",,,,,,Minimum Salary,"$527,614"
485,Tomáš Satoranský,WAS,"$10,468,119",,,,,,Minimum Salary,"$468,119"
486,Georgios Kalaitzakis,MIL,"$462,629",,,,,,,"$462,629"
487,Jevon Carter,MIL,"$4,107,149","$3,925,000",,,,,Minimum Salary,"$457,149"
488,Gary Clark,NOP,"$377,645",,,,,,,"$377,645"
489,Devontae Cacok,SAS,"$364,533",,,,,,Minimum Salary,"$364,533"
490,Sam Dekker,TOR,"$350,000",,,,,,,"$350,000"
491,Sam Hauser,BOS,"$313,737","$1,563,518",,,,,Minimum Salary,"$313,737"
492,Admiral Schofield,OKC,,,,,,,,"$300,000"
493,Daishen Nix,HOU,"$292,466","$1,563,518","$1,836,096","$1,988,598",,,Minimum Salary,"$5,680,678"
494,Haywood Highsmith,MIA,"$290,967","$1,752,638","$1,902,137",,,,MLE,"$547,701"
495,Isaiah Thomas,CHO,"$276,039",,,,,,Minimum Salary,"$552,077"
496,Trendon Watford,POR,"$260,561","$1,563,518","$1,836,096","$1,988,598",,,MLE,"$5,648,773"
497,Ish Wainright,TOR,"$8,558",,,,,,,"$375,000"
498,Malik Fitts,BOS,"$231,062","$1,752,638",,,,,Minimum Salary,"$402,218"
499,Joe Wieskamp,SAS,"$202,068",,,,,,Minimum Salary,"$202,068"
